TDSFU Daily run: Mon Oct 27 17:04:18 UTC 2025 TDSFU
TDSFU Daily run: Tue Oct 28 04:35:29 UTC 2025 TDSFU
TDSFU Daily run: Wed Oct 29 04:41:25 UTC 2025 TDSFU
TDSFU Daily run: Thu Oct 30 04:35:01 UTC 2025 TDSFU
TDSFU Daily run: Fri Oct 31 04:38:24 UTC 2025 TDSFU
TDSFU Daily run: Sat Nov  1 04:33:06 UTC 2025 TDSFU
TDSFU Daily run: Sun Nov  2 04:35:52 UTC 2025 TDSFU
TDSFU Daily run: Mon Nov  3 04:41:45 UTC 2025 TDSFU
TDSFU Daily run: Tue Nov  4 04:35:36 UTC 2025 TDSFU
TDSFU Daily run: Wed Nov  5 04:36:42 UTC 2025 TDSFU
TDSFU Daily run: Thu Nov  6 04:41:35 UTC 2025 TDSFU
TDSFU Daily run: Fri Nov  7 04:36:03 UTC 2025 TDSFU
TDSFU Daily run: Sat Nov  8 04:33:58 UTC 2025 TDSFU
TDSFU Daily run: Sun Nov  9 04:34:36 UTC 2025 TDSFU
